<?xml version="1.0" encoding="UTF-8"?>
<metadata xml:lang="en"><Esri><CreaDate>20240408</CreaDate><CreaTime>20564700</CreaTime><ArcGISFormat>1.0</ArcGISFormat><SyncOnce>TRUE</SyncOnce><DataProperties><itemProps><itemLocation><linkage Sync="TRUE">file://\\KUSHANAV-ROG\D$\Research Work\Landslide Source-Deposition Separation\Results\Final\Prediction shapefiles\Hokkaido\Curated predictions\Hokkaido_pred_runout_lat_lon</linkage><protocol Sync="TRUE">Local Area Network</protocol></itemLocation></itemProps><copyHistory><copy source="D:\Research Work\Landslide Source-Deposition Separation\Results\Final\Prediction shapefiles\Hokkaido\Hokkaido_pred_runout_lat_lon" dest="\\KUSHANAV-ROG\D$\Research Work\Landslide Source-Deposition Separation\Results\Final\Prediction shapefiles\Hokkaido\Curated predictions\Hokkaido_pred_runout_lat_lon" date="20240408" time="20564700"></copy></copyHistory><lineage><Process ToolSource="c:\program files\arcgis\pro\Resources\ArcToolbox\Toolboxes\Data Management Tools.tbx\CopyMultiple" Date="20240408" Time="205647">CopyMultiple "'D:\Research Work\Landslide Source-Deposition Separation\Results\Final\Prediction shapefiles\Hokkaido\Hokkaido_pred_scarp_lat_lon.shp' shapefile_polygon;'D:\Research Work\Landslide Source-Deposition Separation\Results\Final\Prediction shapefiles\Hokkaido\Hokkaido_pred_runout_lat_lon.shp' shapefile_polygon" "D:\Research Work\Landslide Source-Deposition Separation\Results\Final\Prediction shapefiles\Hokkaido\Curated predictions" Hokkaido_pred_scarp_lat_lon;Hokkaido_pred_runout_lat_lon "Hokkaido_pred_scarp_lat_lon FeatureClass Hokkaido_pred_scarp_lat_lon.shp #;Hokkaido_pred_runout_lat_lon FeatureClass Hokkaido_pred_runout_lat_lon.shp #"</Process><Process ToolSource="c:\program files\arcgis\pro\Resources\ArcToolbox\Toolboxes\Data Management Tools.tbx\Rename" Date="20240408" Time="205710">Rename "D:\Research Work\Landslide Source-Deposition Separation\Results\Final\Prediction shapefiles\Hokkaido\Curated predictions\Hokkaido_pred_runout_lat_lon.shp" "D:\Research Work\Landslide Source-Deposition Separation\Results\Final\Prediction shapefiles\Hokkaido\Curated predictions\Runout.shp" ShapeFile</Process></lineage></DataProperties></Esri></metadata>
