<?xml version="1.0" encoding="UTF-8"?>
<metadata xml:lang="en"><Esri><CreaDate>20240408</CreaDate><CreaTime>20564700</CreaTime><ArcGISFormat>1.0</ArcGISFormat><SyncOnce>TRUE</SyncOnce><DataProperties><itemProps><itemLocation><linkage Sync="TRUE">file://\\KUSHANAV-ROG\D$\Research Work\Landslide Source-Deposition Separation\Results\Final\Prediction shapefiles\Hokkaido\Curated predictions\Hokkaido_pred_scarp_lat_lon</linkage><protocol Sync="TRUE">Local Area Network</protocol></itemLocation></itemProps><copyHistory><copy source="D:\Research Work\Landslide Source-Deposition Separation\Results\Final\Prediction shapefiles\Hokkaido\Hokkaido_pred_scarp_lat_lon" dest="\\KUSHANAV-ROG\D$\Research Work\Landslide Source-Deposition Separation\Results\Final\Prediction shapefiles\Hokkaido\Curated predictions\Hokkaido_pred_scarp_lat_lon" date="20240408" time="20564700"></copy></copyHistory><lineage><Process ToolSource="c:\program files\arcgis\pro\Resources\ArcToolbox\Toolboxes\Data Management Tools.tbx\CopyMultiple" Date="20240408" Time="205647">CopyMultiple "'D:\Research Work\Landslide Source-Deposition Separation\Results\Final\Prediction shapefiles\Hokkaido\Hokkaido_pred_scarp_lat_lon.shp' shapefile_polygon;'D:\Research Work\Landslide Source-Deposition Separation\Results\Final\Prediction shapefiles\Hokkaido\Hokkaido_pred_runout_lat_lon.shp' shapefile_polygon" "D:\Research Work\Landslide Source-Deposition Separation\Results\Final\Prediction shapefiles\Hokkaido\Curated predictions" Hokkaido_pred_scarp_lat_lon;Hokkaido_pred_runout_lat_lon "Hokkaido_pred_scarp_lat_lon FeatureClass Hokkaido_pred_scarp_lat_lon.shp #;Hokkaido_pred_runout_lat_lon FeatureClass Hokkaido_pred_runout_lat_lon.shp #"</Process><Process ToolSource="c:\program files\arcgis\pro\Resources\ArcToolbox\Toolboxes\Data Management Tools.tbx\Rename" Date="20240408" Time="205701">Rename "D:\Research Work\Landslide Source-Deposition Separation\Results\Final\Prediction shapefiles\Hokkaido\Curated predictions\Hokkaido_pred_scarp_lat_lon.shp" "D:\Research Work\Landslide Source-Deposition Separation\Results\Final\Prediction shapefiles\Hokkaido\Curated predictions\Scarp.shp" ShapeFile</Process><Process ToolSource="c:\program files\arcgis\pro\Resources\ArcToolbox\Toolboxes\Data Management Tools.tbx\UpdateSchema" Date="20240427" Time="184940">UpdateSchema "CIMDATA=&lt;CIMStandardDataConnection xsi:type='typens:CIMStandardDataConnection' xmlns:xsi='http://www.w3.org/2001/XMLSchema-instance' xmlns:xs='http://www.w3.org/2001/XMLSchema' xmlns:typens='http://www.esri.com/schemas/ArcGIS/3.2.0'&gt;&lt;WorkspaceConnectionString&gt;DATABASE=D:\Research Work\Landslide Source-Deposition Separation\Results\Final\Prediction shapefiles\Hokkaido\Curated predictions&lt;/WorkspaceConnectionString&gt;&lt;WorkspaceFactory&gt;Shapefile&lt;/WorkspaceFactory&gt;&lt;Dataset&gt;Scarp.shp&lt;/Dataset&gt;&lt;DatasetType&gt;esriDTFeatureClass&lt;/DatasetType&gt;&lt;/CIMStandardDataConnection&gt;" &lt;operationSequence&gt;&lt;workflow&gt;&lt;AddField&gt;&lt;field_name&gt;AREAAAAA&lt;/field_name&gt;&lt;field_type&gt;LONG&lt;/field_type&gt;&lt;field_is_nullable&gt;False&lt;/field_is_nullable&gt;&lt;field_is_required&gt;False&lt;/field_is_required&gt;&lt;/AddField&gt;&lt;/workflow&gt;&lt;/operationSequence&gt;</Process><Process ToolSource="c:\program files\arcgis\pro\Resources\ArcToolbox\toolboxes\Data Management Tools.tbx\CalculateGeometryAttributes" Date="20240427" Time="184958">CalculateGeometryAttributes "Curated predictions\Scarp" "AREAAAAA AREA_GEODESIC" # "Square Meters" GEOGCS["GCS_WGS_1984",DATUM["D_WGS_1984",SPHEROID["WGS_1984",6378137.0,298.257223563]],PRIMEM["Greenwich",0.0],UNIT["Degree",0.0174532925199433]] "Same as input"</Process></lineage></DataProperties></Esri></metadata>
