<metadata xml:lang="en"><Esri><CreaDate>20240325</CreaDate><CreaTime>10151800</CreaTime><ArcGISFormat>1.0</ArcGISFormat><SyncOnce>FALSE</SyncOnce><DataProperties><lineage><Process ToolSource="c:\program files\arcgis\pro\Resources\ArcToolbox\Toolboxes\Data Management Tools.tbx\Rename" Date="20240325" Time="101518">Rename "D:\Research Work\Landslide Source-Deposition Separation\Results\Final\Prediction shapefiles\Colombia\Colombia_pred_runout_lat_lon_improved.shp" "D:\Research Work\Landslide Source-Deposition Separation\Results\Final\Prediction shapefiles\Colombia\Colombia_pred_runout_lat_lon.shp" ShapeFile</Process><Process ToolSource="c:\program files\arcgis\pro\Resources\ArcToolbox\toolboxes\Analysis Tools.tbx\SpatialJoin" Date="20240325" Time="111630">SpatialJoin Predictions\Colombia_pred_runout_lat_lon "Information of length\Colombia_runout__MinimumBoundi" "D:\Research Work\Landslide Source-Deposition Separation\Landslide Source-Deposition Separation\Landslide Source-Deposition Separation.gdb\Colombia_pred_ru_SpatialJoin" "Join one to one" KEEP_ALL "unique_id "unique_id" true true false 18 Double 0 0,First,#,Predictions\Colombia_pred_runout_lat_lon,unique_id,-1,-1;pred_ratio "pred_ratio" true true false 24 Double 0 0,First,#,Predictions\Colombia_pred_runout_lat_lon,pred_ratio,-1,-1;MBG_Width "MBG_Width" true true false 8 Double 0 0,First,#,Information of length\Colombia_runout__MinimumBoundi,MBG_Width,-1,-1;MBG_Length "MBG_Length" true true false 8 Double 0 0,First,#,Information of length\Colombia_runout__MinimumBoundi,MBG_Length,-1,-1;MBG_Orient "MBG_Orientation" true true false 8 Double 0 0,First,#,Information of length\Colombia_runout__MinimumBoundi,MBG_Orientation,-1,-1;Shape_Leng "Shape_Length" false true true 8 Double 0 0,First,#,Information of length\Colombia_runout__MinimumBoundi,Shape_Length,-1,-1;Shape_Area "Shape_Area" false true true 8 Double 0 0,First,#,Information of length\Colombia_runout__MinimumBoundi,Shape_Area,-1,-1" Intersect # # #</Process><Process ToolSource="c:\program files\arcgis\pro\Resources\ArcToolbox\toolboxes\Data Management Tools.tbx\DeleteField" Date="20240325" Time="111648">DeleteField Colombia_pred_ru_SpatialJoin Join_Count;TARGET_FID "Delete Fields"</Process><Process ToolSource="c:\program files\arcgis\pro\Resources\ArcToolbox\toolboxes\Data Management Tools.tbx\DeleteField" Date="20240325" Time="111656">DeleteField Colombia_pred_ru_SpatialJoin Shape_Leng "Delete Fields"</Process><Process Name="Spatial Join" ToolSource="c:\program files\arcgis\pro\Resources\ArcToolbox\toolboxes\Analysis Tools.tbx\SpatialJoin" Date="20240325" Time="111844">SpatialJoin "Information of length (only for calculations)\Colombia_pred_ru_SpatialJoin" Delgado_2019 "D:\Research Work\Landslide Source-Deposition Separation\Landslide Source-Deposition Separation\Landslide Source-Deposition Separation.gdb\SpatialJoin_OutFeatureClass_Information_of_length__only_for_calculations__Colombia_pred_ru_SpatialJoin" "Join one to one" KEEP_ALL "unique_id "unique_id" true true false 8 Double 0 0,First,#,Information of length (only for calculations)\Colombia_pred_ru_SpatialJoin,unique_id,-1,-1;pred_ratio "pred_ratio" true true false 8 Double 0 0,First,#,Information of length (only for calculations)\Colombia_pred_ru_SpatialJoin,pred_ratio,-1,-1;MBG_Width "MBG_Width" true true false 8 Double 0 0,First,#,Information of length (only for calculations)\Colombia_pred_ru_SpatialJoin,MBG_Width,-1,-1;MBG_Length "MBG_Length" true true false 8 Double 0 0,First,#,Information of length (only for calculations)\Colombia_pred_ru_SpatialJoin,MBG_Length,-1,-1;MBG_Orient "MBG_Orientation" true true false 8 Double 0 0,First,#,Information of length (only for calculations)\Colombia_pred_ru_SpatialJoin,MBG_Orient,-1,-1;Shape_Length "Shape_Length" false true true 8 Double 0 0,First,#,Information of length (only for calculations)\Colombia_pred_ru_SpatialJoin,Shape_Length,-1,-1;Shape_Area "Shape_Area" false true true 8 Double 0 0,First,#,Information of length (only for calculations)\Colombia_pred_ru_SpatialJoin,Shape_Area,-1,-1;OBJECTID "OBJECTID" true true false 10 Long 0 10,First,#,Delgado_2019,OBJECTID,-1,-1;Type "Type" true true false 50 Text 0 0,First,#,Delgado_2019,Type,0,49;Area "Area" true true false 19 Double 0 0,First,#,Delgado_2019,Area,-1,-1" Intersect # # #</Process><Process ToolSource="c:\program files\arcgis\pro\Resources\ArcToolbox\toolboxes\Data Management Tools.tbx\DeleteField" Date="20240325" Time="111914">DeleteField SpatialJoin_OutFeatureClass_Information_of_length__only_for_calculations__Colombia_pred_ru_SpatialJoin Join_Count;TARGET_FID;OBJECTID_1;Area "Delete Fields"</Process><Process ToolSource="c:\program files\arcgis\pro\Resources\ArcToolbox\toolboxes\Conversion Tools.tbx\ExportFeatures" Date="20240325" Time="112126">ExportFeatures "Information of length (only for calculations)\SpatialJoin_OutFeatureClass_Information_of_length__only_for_calculations__Colombia_pred_ru_SpatialJoin" "D:\Research Work\Landslide Source-Deposition Separation\Results\Final\Prediction shapefiles\Colombia\Curated results\Runout_Prediction.shp" # NOT_USE_ALIAS "unique_id "unique_id" true true false 8 Double 0 0,First,#,Information of length (only for calculations)\SpatialJoin_OutFeatureClass_Information_of_length__only_for_calculations__Colombia_pred_ru_SpatialJoin,unique_id,-1,-1;pred_ratio "pred_ratio" true true false 8 Double 0 0,First,#,Information of length (only for calculations)\SpatialJoin_OutFeatureClass_Information_of_length__only_for_calculations__Colombia_pred_ru_SpatialJoin,pred_ratio,-1,-1;MBG_Width "MBG_Width" true true false 8 Double 0 0,First,#,Information of length (only for calculations)\SpatialJoin_OutFeatureClass_Information_of_length__only_for_calculations__Colombia_pred_ru_SpatialJoin,MBG_Width,-1,-1;MBG_Length "MBG_Length" true true false 8 Double 0 0,First,#,Information of length (only for calculations)\SpatialJoin_OutFeatureClass_Information_of_length__only_for_calculations__Colombia_pred_ru_SpatialJoin,MBG_Length,-1,-1;MBG_Orient "MBG_Orientation" true true false 8 Double 0 0,First,#,Information of length (only for calculations)\SpatialJoin_OutFeatureClass_Information_of_length__only_for_calculations__Colombia_pred_ru_SpatialJoin,MBG_Orient,-1,-1;Type "Type" true true false 50 Text 0 0,First,#,Information of length (only for calculations)\SpatialJoin_OutFeatureClass_Information_of_length__only_for_calculations__Colombia_pred_ru_SpatialJoin,Type,0,49;Shape_Length "Shape_Length" false true true 8 Double 0 0,First,#,Information of length (only for calculations)\SpatialJoin_OutFeatureClass_Information_of_length__only_for_calculations__Colombia_pred_ru_SpatialJoin,Shape_Length,-1,-1;Shape_Area "Shape_Area" false true true 8 Double 0 0,First,#,Information of length (only for calculations)\SpatialJoin_OutFeatureClass_Information_of_length__only_for_calculations__Colombia_pred_ru_SpatialJoin,Shape_Area,-1,-1" #</Process></lineage><itemProps><itemName Sync="TRUE">Runout_Prediction</itemName><imsContentType Sync="TRUE">002</imsContentType><itemLocation><linkage Sync="TRUE">file://\\KUSHANAV-ROG\D$\Research Work\Landslide Source-Deposition Separation\Results\Final\Prediction shapefiles\Colombia\Curated results\Runout_Prediction.shp</linkage><protocol Sync="TRUE">Local Area Network</protocol></itemLocation><itemSize Sync="TRUE">0.000</itemSize></itemProps><coordRef><type Sync="TRUE">Projected</type><geogcsn Sync="TRUE">GCS_WGS_1984</geogcsn><csUnits Sync="TRUE">Linear Unit: Meter (1.000000)</csUnits><projcsn Sync="TRUE">WGS_1984_UTM_Zone_18N</projcsn><peXml Sync="TRUE">&lt;ProjectedCoordinateSystem xsi:type='typens:ProjectedCoordinateSystem' xmlns:xsi='http://www.w3.org/2001/XMLSchema-instance' xmlns:xs='http://www.w3.org/2001/XMLSchema' xmlns:typens='http://www.esri.com/schemas/ArcGIS/3.2.0'&gt;&lt;WKT&gt;PROJCS[&amp;quot;WGS_1984_UTM_Zone_18N&amp;quot;,GEOGCS[&amp;quot;GCS_WGS_1984&amp;quot;,DATUM[&amp;quot;D_WGS_1984&amp;quot;,SPHEROID[&amp;quot;WGS_1984&amp;quot;,6378137.0,298.257223563]],PRIMEM[&amp;quot;Greenwich&amp;quot;,0.0],UNIT[&amp;quot;Degree&amp;quot;,0.0174532925199433]],PROJECTION[&amp;quot;Transverse_Mercator&amp;quot;],PARAMETER[&amp;quot;False_Easting&amp;quot;,500000.0],PARAMETER[&amp;quot;False_Northing&amp;quot;,0.0],PARAMETER[&amp;quot;Central_Meridian&amp;quot;,-75.0],PARAMETER[&amp;quot;Scale_Factor&amp;quot;,0.9996],PARAMETER[&amp;quot;Latitude_Of_Origin&amp;quot;,0.0],UNIT[&amp;quot;Meter&amp;quot;,1.0],AUTHORITY[&amp;quot;EPSG&amp;quot;,32618]]&lt;/WKT&gt;&lt;XOrigin&gt;-5120900&lt;/XOrigin&gt;&lt;YOrigin&gt;-9998100&lt;/YOrigin&gt;&lt;XYScale&gt;450445547.3910538&lt;/XYScale&gt;&lt;ZOrigin&gt;-100000&lt;/ZOrigin&gt;&lt;ZScale&gt;10000&lt;/ZScale&gt;&lt;MOrigin&gt;-100000&lt;/MOrigin&gt;&lt;MScale&gt;10000&lt;/MScale&gt;&lt;XYTolerance&gt;0.001&lt;/XYTolerance&gt;&lt;ZTolerance&gt;0.001&lt;/ZTolerance&gt;&lt;MTolerance&gt;0.001&lt;/MTolerance&gt;&lt;HighPrecision&gt;true&lt;/HighPrecision&gt;&lt;WKID&gt;32618&lt;/WKID&gt;&lt;LatestWKID&gt;32618&lt;/LatestWKID&gt;&lt;/ProjectedCoordinateSystem&gt;</peXml></coordRef></DataProperties><SyncDate>20240325</SyncDate><SyncTime>11212600</SyncTime><ModDate>20240325</ModDate><ModTime>11212600</ModTime></Esri><dataIdInfo><envirDesc Sync="TRUE">Microsoft Windows 10 Version 10.0 (Build 22631) ; Esri ArcGIS 13.2.0.49743</envirDesc><dataLang><languageCode value="eng" Sync="TRUE"></languageCode><countryCode value="GBR" Sync="TRUE"></countryCode></dataLang><idCitation><resTitle Sync="TRUE">Runout_Prediction</resTitle><presForm><PresFormCd value="005" Sync="TRUE"></PresFormCd></presForm></idCitation><spatRpType><SpatRepTypCd value="001" Sync="TRUE"></SpatRepTypCd></spatRpType></dataIdInfo><mdLang><languageCode value="eng" Sync="TRUE"></languageCode><countryCode value="GBR" Sync="TRUE"></countryCode></mdLang><distInfo><distFormat><formatName Sync="TRUE">Shapefile</formatName></distFormat><distTranOps><transSize Sync="TRUE">0.000</transSize></distTranOps></distInfo><mdHrLv><ScopeCd value="005" Sync="TRUE"></ScopeCd></mdHrLv><mdHrLvName Sync="TRUE">dataset</mdHrLvName><refSysInfo><RefSystem><refSysID><identCode code="32618" Sync="TRUE"></identCode><idCodeSpace Sync="TRUE">EPSG</idCodeSpace><idVersion Sync="TRUE">9.8.8(3.0.1)</idVersion></refSysID></RefSystem></refSysInfo><spatRepInfo><VectSpatRep><geometObjs Name="Runout_Prediction"><geoObjTyp><GeoObjTypCd value="002" Sync="TRUE"></GeoObjTypCd></geoObjTyp><geoObjCnt Sync="TRUE">0</geoObjCnt></geometObjs><topLvl><TopoLevCd value="001" Sync="TRUE"></TopoLevCd></topLvl></VectSpatRep></spatRepInfo><spdoinfo><ptvctinf><esriterm Name="Runout_Prediction"><efeatyp Sync="TRUE">Simple</efeatyp><efeageom code="4" Sync="TRUE"></efeageom><esritopo Sync="TRUE">FALSE</esritopo><efeacnt Sync="TRUE">0</efeacnt><spindex Sync="TRUE">FALSE</spindex><linrefer Sync="TRUE">FALSE</linrefer></esriterm></ptvctinf></spdoinfo><eainfo><detailed Name="Runout_Prediction"><enttyp><enttypl Sync="TRUE">Runout_Prediction</enttypl><enttypt Sync="TRUE">Feature Class</enttypt><enttypc Sync="TRUE">0</enttypc></enttyp><attr><attrlabl Sync="TRUE">FID</attrlabl><attalias Sync="TRUE">FID</attalias><attrtype Sync="TRUE">OID</attrtype><attwidth Sync="TRUE">4</attwidth><atprecis Sync="TRUE">0</atprecis><attscale Sync="TRUE">0</attscale><attrdef Sync="TRUE">Internal feature number.</attrdef><attrdefs Sync="TRUE">Esri</attrdefs><attrdomv><udom Sync="TRUE">Sequential unique whole numbers that are automatically generated.</udom></attrdomv></attr><attr><attrlabl Sync="TRUE">Shape</attrlabl><attalias Sync="TRUE">Shape</attalias><attrtype Sync="TRUE">Geometry</attrtype><attwidth Sync="TRUE">0</attwidth><atprecis Sync="TRUE">0</atprecis><attscale Sync="TRUE">0</attscale><attrdef Sync="TRUE">Feature geometry.</attrdef><attrdefs Sync="TRUE">Esri</attrdefs><attrdomv><udom Sync="TRUE">Coordinates defining the features.</udom></attrdomv></attr><attr><attrlabl Sync="TRUE">unique_id</attrlabl><attalias Sync="TRUE">unique_id</attalias><attrtype Sync="TRUE">Double</attrtype><attwidth Sync="TRUE">19</attwidth><atprecis Sync="TRUE">0</atprecis><attscale Sync="TRUE">0</attscale></attr><attr><attrlabl Sync="TRUE">pred_ratio</attrlabl><attalias Sync="TRUE">pred_ratio</attalias><attrtype Sync="TRUE">Double</attrtype><attwidth Sync="TRUE">19</attwidth><atprecis Sync="TRUE">0</atprecis><attscale Sync="TRUE">0</attscale></attr><attr><attrlabl Sync="TRUE">MBG_Width</attrlabl><attalias Sync="TRUE">MBG_Width</attalias><attrtype Sync="TRUE">Double</attrtype><attwidth Sync="TRUE">19</attwidth><atprecis Sync="TRUE">0</atprecis><attscale Sync="TRUE">0</attscale></attr><attr><attrlabl Sync="TRUE">MBG_Length</attrlabl><attalias Sync="TRUE">MBG_Length</attalias><attrtype Sync="TRUE">Double</attrtype><attwidth Sync="TRUE">19</attwidth><atprecis Sync="TRUE">0</atprecis><attscale Sync="TRUE">0</attscale></attr><attr><attrlabl Sync="TRUE">MBG_Orient</attrlabl><attalias Sync="TRUE">MBG_Orient</attalias><attrtype Sync="TRUE">Double</attrtype><attwidth Sync="TRUE">19</attwidth><atprecis Sync="TRUE">0</atprecis><attscale Sync="TRUE">0</attscale></attr><attr><attrlabl Sync="TRUE">Type</attrlabl><attalias Sync="TRUE">Type</attalias><attrtype Sync="TRUE">String</attrtype><attwidth Sync="TRUE">50</attwidth><atprecis Sync="TRUE">0</atprecis><attscale Sync="TRUE">0</attscale></attr><attr><attrlabl Sync="TRUE">Shape_Leng</attrlabl><attalias Sync="TRUE">Shape_Leng</attalias><attrtype Sync="TRUE">Double</attrtype><attwidth Sync="TRUE">19</attwidth><atprecis Sync="TRUE">0</atprecis><attscale Sync="TRUE">0</attscale></attr><attr><attrlabl Sync="TRUE">Shape_Area</attrlabl><attalias Sync="TRUE">Shape_Area</attalias><attrtype Sync="TRUE">Double</attrtype><attwidth Sync="TRUE">19</attwidth><atprecis Sync="TRUE">0</atprecis><attscale Sync="TRUE">0</attscale><attrdef Sync="TRUE">Area of feature in internal units squared.</attrdef><attrdefs Sync="TRUE">Esri</attrdefs><attrdomv><udom Sync="TRUE">Positive real numbers that are automatically generated.</udom></attrdomv></attr></detailed></eainfo><mdDateSt Sync="TRUE">20240325</mdDateSt></metadata>
